filename,category,subcategory,instrument_at_fault,justification,spec_cite,confidence,investigated_at
tune_000464.abc,duration,music21-reinterpretation,music21,"croma and abc2xml raw XML both emit breve/8.0 for the leading rest (zN = 8 quarter-notes under L:1/4 or 1/2); music21 collapses abc2xml's full-measure (measure=yes) rest to whole/4.0 on import, losing duration - croma is spec-faithful",ABC 2.1 §4.5/§4.3 - rest length = unit x multiplier (KB raw line 897/865),high,2026-06-13
tune_000816.abc,duration,music21-reinterpretation,music21,"croma and abc2xml raw XML both emit breve/8.0 for the leading rest (zN = 8 quarter-notes under L:1/4 or 1/2); music21 collapses abc2xml's full-measure (measure=yes) rest to whole/4.0 on import, losing duration - croma is spec-faithful",ABC 2.1 §4.5/§4.3 - rest length = unit x multiplier (KB raw line 897/865),high,2026-06-13
tune_002218.abc,duration,music21-reinterpretation,music21,"croma and abc2xml raw XML both emit breve/8.0 for the leading rest (zN = 8 quarter-notes under L:1/4 or 1/2); music21 collapses abc2xml's full-measure (measure=yes) rest to whole/4.0 on import, losing duration - croma is spec-faithful",ABC 2.1 §4.5/§4.3 - rest length = unit x multiplier (KB raw line 897/865),high,2026-06-13
tune_001728.abc,duration,music21-reinterpretation,music21,"croma and abc2xml raw XML both emit breve/8.0 for the leading rest (zN = 8 quarter-notes under L:1/4 or 1/2); music21 collapses abc2xml's full-measure (measure=yes) rest to whole/4.0 on import, losing duration - croma is spec-faithful",ABC 2.1 §4.5/§4.3 - rest length = unit x multiplier (KB raw line 897/865),high,2026-06-13
tune_003144.abc,duration,music21-reinterpretation,music21,"croma and abc2xml raw XML both emit breve/8.0 for the leading rest (zN = 8 quarter-notes under L:1/4 or 1/2); music21 collapses abc2xml's full-measure (measure=yes) rest to whole/4.0 on import, losing duration - croma is spec-faithful",ABC 2.1 §4.5/§4.3 - rest length = unit x multiplier (KB raw line 897/865),high,2026-06-13
tune_002757.abc,duration,music21-reinterpretation,music21,"croma and abc2xml raw XML both emit breve/8.0 for the leading rest (zN = 8 quarter-notes under L:1/4 or 1/2); music21 collapses abc2xml's full-measure (measure=yes) rest to whole/4.0 on import, losing duration - croma is spec-faithful",ABC 2.1 §4.5/§4.3 - rest length = unit x multiplier (KB raw line 897/865),high,2026-06-13
tune_001028.abc,duration,music21-reinterpretation,music21,"croma and abc2xml raw XML both emit breve/8.0 for the leading rest (zN = 8 quarter-notes under L:1/4 or 1/2); music21 collapses abc2xml's full-measure (measure=yes) rest to whole/4.0 on import, losing duration - croma is spec-faithful",ABC 2.1 §4.5/§4.3 - rest length = unit x multiplier (KB raw line 897/865),high,2026-06-13
tune_001029.abc,duration,music21-reinterpretation,music21,"croma and abc2xml raw XML both emit breve/8.0 for the leading rest (zN = 8 quarter-notes under L:1/4 or 1/2); music21 collapses abc2xml's full-measure (measure=yes) rest to whole/4.0 on import, losing duration - croma is spec-faithful",ABC 2.1 §4.5/§4.3 - rest length = unit x multiplier (KB raw line 897/865),high,2026-06-13
tune_011119.abc,accidental,abc2xml-accidental,abc2xml,"abc2xml failed ABC 2.1 §11.3 in-bar accidental propagation (default propagate-accidentals=pitch); croma correctly carries the accidental to the same-pitch note within the bar; genuine sounding difference, croma spec-correct",ABC 2.1 §11.3 - KB raw line 2186/2188 - default propagate-accidentals=pitch,high,2026-06-13
tune_011121.abc,accidental,abc2xml-accidental,abc2xml,"abc2xml failed ABC 2.1 §11.3 in-bar accidental propagation (default propagate-accidentals=pitch); croma correctly carries the accidental to the same-pitch note within the bar; genuine sounding difference, croma spec-correct",ABC 2.1 §11.3 - KB raw line 2186/2188 - default propagate-accidentals=pitch,high,2026-06-13
tune_011122.abc,accidental,abc2xml-accidental,abc2xml,"abc2xml failed ABC 2.1 §11.3 in-bar accidental propagation (default propagate-accidentals=pitch); croma correctly carries the accidental to the same-pitch note within the bar; genuine sounding difference, croma spec-correct",ABC 2.1 §11.3 - KB raw line 2186/2188 - default propagate-accidentals=pitch,high,2026-06-13
tune_014441.abc,accidental,abc2xml-accidental,abc2xml,"abc2xml failed ABC 2.1 §11.3 in-bar accidental propagation (default propagate-accidentals=pitch); croma correctly carries the accidental to the same-pitch note within the bar; genuine sounding difference, croma spec-correct",ABC 2.1 §11.3 - KB raw line 2186/2188 - default propagate-accidentals=pitch,high,2026-06-13
tune_013526.abc,accidental,abc2xml-accidental,abc2xml,"abc2xml failed ABC 2.1 §11.3 in-bar accidental propagation (default propagate-accidentals=pitch); croma correctly carries the accidental to the same-pitch note within the bar; genuine sounding difference, croma spec-correct",ABC 2.1 §11.3 - KB raw line 2186/2188 - default propagate-accidentals=pitch,high,2026-06-13
tune_011837.abc,accidental,abc2xml-accidental,abc2xml,abc2xml emitted wrong key signature fifths 2 (D major) for K:Daeo (D Aeolian = 1 flat fifths -1); fabricates F#/C# and drops Bb; croma correct; surfaced as 19 per-note alter diffs via music21,ABC 2.1 §3.1.14 - KB raw line 663/666 - mode parsed by first three letters; aeo=Aeolian=minor,high,2026-06-13
tune_003838.abc,accidental,abc2xml-accidental,abc2xml,"abc2xml over-reaches K:<tonic> exp <accidentals> by injecting the tonic's major-key accidentals (D-major F#/C#) on top of the explicit list; ABC 2.1 §3.1.14 says exp defines ALL accidentals (complete set: K:D Phr ^f == K:D exp _b _e ^f), so bare F/C are natural - croma correct after the parser fix",ABC 2.1 §3.1.14 - KB raw line 688 - exp defines all the accidentals of a key signature,high,2026-06-13
tune_003836.abc,accidental,abc2xml-accidental,abc2xml,"abc2xml over-reaches K:<tonic> exp <accidentals> by injecting the tonic's major-key accidentals (D-major F#/C#) on top of the explicit list; ABC 2.1 §3.1.14 says exp defines ALL accidentals (complete set: K:D Phr ^f == K:D exp _b _e ^f), so bare F/C are natural - croma correct after the parser fix",ABC 2.1 §3.1.14 - KB raw line 688 - exp defines all the accidentals of a key signature,high,2026-06-13
tune_003600.abc,tie,abc2xml-dangling-tie,abc2xml,"final note has a dangling tie - (E2-|| at tune end, no following note); croma correctly emits no tie and warns unmatched_tie; abc2xml fabricates an orphan tie type=start (11 starts vs 10 stops)",ABC 2.1 §4.11 - KB raw line 1048/1066 - a tie joins two successive notes of the same pitch,high,2026-06-13
tune_004529.abc,tie,abc2xml-dangling-tie,abc2xml,"final note has a dangling tie - (EG-|| at tune end, no following note); croma correctly emits no tie and warns unmatched_tie; abc2xml fabricates an unclosed tie type=start",ABC 2.1 §4.11 - KB raw line 1066 - ties connect two successive notes of the same pitch,high,2026-06-13
tune_005286.abc,tie,abc2xml-drops-music,abc2xml,"valid same-pitch tie E2)-E2 / E2)-E (Eb4-Eb4) present in source; croma emits the tie correctly, abc2xml silently drops it (keeps the surrounding slur but not the tie)","ABC 2.1 §4.11 - KB raw line 1048/1066 - - ties two same-pitch notes, adjacent to the first note",high,2026-06-13
tune_008488.abc,tie,abc2xml-drops-music,abc2xml,"valid cross-bar tie )-|G3/2 (G4-G4 dotted quarters, - adjacent to first note before the barline) present in source; croma emits it correctly, abc2xml drops the tie","ABC 2.1 §4.11 - KB raw line 1048 - tie two same-pitch notes within or between bars, e.g. abc-|cba",high,2026-06-13
tune_015600.abc,tie,abc2xml-dangling-tie,abc2xml,"final note has a dangling tie - (d2-:| at tune end before EOF, no following note); croma correctly emits no tie and warns unmatched_tie; abc2xml fabricates an unclosed tie type=start",ABC 2.1 §4.11 - KB raw line 1048/1066 - a tie joins two successive same-pitch notes,high,2026-06-13
tune_009310.abc,tie,abc2xml-dangling-tie,abc2xml,"final note has a dangling tie - (F,,16- |] at tune end, no following note); croma correctly emits no tie and warns unmatched_tie; abc2xml fabricates an orphan tie type=start (only 2 tie tags total, both this start)",ABC 2.1 §4.11 - KB raw line 1066 - ties connect two successive notes of the same pitch,high,2026-06-13
tune_003837.abc,measure_alignment,abc2xml-phantom-measure,abc2xml,abc2xml inserts 8 phantom empty measures at |: section boundaries (71 vs 78 measures); stripping them yields 70 musical measures with IDENTICAL note content both sides (0 content diffs) - croma spec-correct,ABC 2.1 §4.8 - KB raw line 982 - barline symbols terminate/begin a measure; no empty/extra measure is inserted,high,2026-06-13
tune_012496.abc,measure_alignment,abc2xml-phantom-measure,abc2xml,abc2xml fabricates 4 phantom whole-rest measures at ||-then-|: section boundaries (49 vs 53 measures); content identical after the offset - croma spec-correct,ABC 2.1 §4.8 - KB raw line 982 - barline symbols terminate/begin a measure; no empty/extra measure is inserted,high,2026-06-13
tune_014784.abc,measure_alignment,abc2xml-drops-music,abc2xml,"abc2xml emitted 1 attributes-only measure per part with ZERO notes; croma emitted the full 12-measure 2-voice score (6/4, x invisible rests) - croma spec-correct, abc2xml dropped all music",ABC 2.1 §4.5 - KB raw line 897 - notes/rests in the source must be emitted; abc2xml dropped them,high,2026-06-13
tune_009970.abc,missing_in_croma,abc2xml-phantom-measure,abc2xml,"abc2xml phantom-stuffs measure 1 with 73 duplicate octave-5 notes + 6 fabricated dynamics + malformed attributes (36 beats in a 4/4 bar); croma m1 = correct 3-note anacrusis (3DEF, measures 2-18 identical - croma spec-correct",ABC 2.1 §4.8 - KB raw line 982 - barline symbols terminate/begin a measure; no empty/extra measure is inserted,high,2026-06-13
tune_013208.abc,missing_in_croma,abc2xml-phantom-measure,abc2xml,"abc2xml phantom-stuffs measure 1 with 46 octave-shifted notes (5.75 bars) + fabricated p/up-bow/staccato/trill and wrong 4/4 meter (source is M:C| cut time); croma note count = ABC note count (121), m2-m18 identical - croma spec-correct",ABC 2.1 §4.8 - KB raw line 982 - barline symbols terminate/begin a measure; no empty/extra measure is inserted,high,2026-06-13
tune_009305.abc,missing_in_croma,abc2xml-phantom-measure,abc2xml,"abc2xml fabricates a 34-note phantom measure 1 + 4 overflow notes with spurious larghetto/dynamics (source says No breaks or repeats); croma 54 notes = ABC note-letter count, body bit-identical to abc2xml real body - croma spec-correct",ABC 2.1 §4.8 - KB raw line 982 - barline symbols terminate/begin a measure; no empty/extra measure is inserted,high,2026-06-13
tune_006655.abc,missing_in_croma,abc2xml-phantom-measure,abc2xml,"abc2xml mis-set measure 1 meter to 4/4 (source M:6/8) and merged 31 eighth-notes (15.5 QL) into one super-measure; croma 151 notes = ABC count, 6/8 throughout, m2-m30 identical - croma spec-correct",ABC 2.1 §4.8 - KB raw line 982 - barline symbols terminate/begin a measure; no empty/extra measure is inserted,high,2026-06-13
tune_014970.abc,measure_alignment,abc2xml-phantom-measure,abc2xml,"abc2xml emits 2 phantom 0-note measures holding only Coda 1/Coda 2 text annotations (+2 measure shift); §4.19 annotations bind to the following note, not a new measure; after stripping them croma==abc2xml per-measure (782 notes = ABC) - croma spec-correct",ABC 2.1 §4.19 - KB raw line 1313,high,2026-06-13
tune_005959.abc,measure_alignment,abc2xml-phantom-measure,abc2xml,"abc2xml fabricates a phantom empty measure at the free->metered [M:2/4] section boundary (leading barline); 437 notes both = ABC count, +1 offset aligns all 87 remaining measures with 0 diffs - croma spec-correct",ABC 2.1 §4.5 - KB raw line 72/76 (no empty measure on leading barline),high,2026-06-13
tune_008774.abc,measure_alignment,abc2xml-phantom-measure,abc2xml,"abc2xml fabricates a phantom leading measure (lone C4, dotted barline) + stuffed merged m2; croma m1 = correct B>d broken-rhythm bar, 269 notes+7 rests = ABC count - croma spec-correct",ABC 2.1 §4.4 - KB raw line 877 (broken rhythm),high,2026-06-13
tune_006702.abc,measure_alignment,abc2xml-phantom-measure,abc2xml,"abc2xml fabricates m1 (C4, source anacrusis is B) + stuffed m2 with phantom segno and a nonexistent [K:] key change; croma 235 notes = ABC count, +1 offset cascade - croma spec-correct",ABC 2.1 §4.20 - KB anacrusis/construct order,high,2026-06-13
tune_007591.abc,measure_alignment,abc2xml-phantom-measure,abc2xml,"abc2xml mangles the anacrusis triplet (3(def) (nested slur after tuplet) into 4 phantom notes + a phantom leading measure; croma 45 measures = ABC barline-split, 193 notes = source - croma spec-correct",ABC 2.1 §4.13 - KB raw line 1080 (triplets),high,2026-06-13
tune_006730.abc,measure_alignment,abc2xml-phantom-measure,abc2xml,"abc2xml fabricates a phantom leading measure (lone 16th C, dotted barline, malformed time) + 6 prepended notes; croma m1 = correct cut-time bar, 203 notes (184+11 rests+8 grace) = ABC count - croma spec-correct",ABC 2.1 §3.1.6 - KB raw line 556 (M:C| cut time),high,2026-06-13
tune_015293.abc,measure_alignment,abc2xml-phantom-measure,abc2xml,abc2xml emits 3 phantom note-less measures before each |: section anacrusis (B/C/D); 209 notes both = ABC count; +3 offset cascade - croma spec-correct,ABC 2.1 §4.8 - KB raw line 987 (|: is a barline not a measure),high,2026-06-13
tune_013144.abc,measure_alignment,abc2xml-phantom-measure,abc2xml,"abc2xml fabricates 4 whole-rest measures before each |: section (A/B/C/D); ABC has 0 rests, 172 notes both; stripping the 4 phantoms aligns 48==48 - croma spec-correct",ABC 2.1 §4.8 - KB raw line 987,high,2026-06-13
tune_008779.abc,measure_alignment,abc2xml-phantom-measure,abc2xml,"abc2xml fabricates a phantom leading measure (C4 not in source) + garbled m2; croma m1 = correct A2 anacrusis, rests 8 = ABC count, +1 offset cascade - croma spec-correct",ABC 2.1 §3.1.7 / §4.20 (anacrusis),high,2026-06-13
tune_006403.abc,measure_alignment,abc2xml-phantom-measure,abc2xml,abc2xml emits 3 phantom empty measures synthesized from standalone A/B/Bridge label strings (should bind to following note per §4.18/§4.19); 131 pitched notes both = ABC count - croma spec-correct,ABC 2.1 §4.18/§4.19 - KB raw line 1292/1313,high,2026-06-13
tune_010578.abc,measure_alignment,abc2xml-phantom-measure,abc2xml,"abc2xml mangles the opening anacrusis (wrong pickup C4 vs spec D5) and fabricates an over-long 12-note m2 absent from source; croma 41 measures = ABC barline count, m2-m41 byte-identical under +1 offset - croma spec-correct",ABC 2.1 §4.1 - KB raw line 847 (lowercase d = D5),high,2026-06-13
tune_013142.abc,measure_alignment,abc2xml-phantom-measure,abc2xml,abc2xml fabricates 4 whole-rest measures from chord-label section headers on backslash-continued lines (sibling of 013144); 337 pitches both = ABC count; +1..+4 offset cascade - croma spec-correct,ABC 2.1 §2.2.6/§4.18 - KB raw line 340/1292,high,2026-06-13
tune_008402.abc,measure_alignment,abc2xml-phantom-measure,abc2xml,"abc2xml fabricates 4 measures (chord-symbol + filling rest) at standalone ""X""|: backslash-continued section labels; 170 notes both = ABC count, 36 real bars - croma spec-correct",ABC 2.1 §4.18/§2.2.6 - KB raw line 1292/340,high,2026-06-13
tune_006402.abc,measure_alignment,abc2xml-phantom-measure,abc2xml,"abc2xml emits 3 phantom measures from standalone A/B/Bridge label lines (sibling of 006403); 163 notes both = ABC count, 48 real bars - croma spec-correct",ABC 2.1 §4.19 - KB raw line 1313,high,2026-06-13
tune_007291.abc,measure_alignment,abc2xml-phantom-measure,abc2xml,"abc2xml fabricates a phantom leading measure (C4 not in source) in V:1 only, shifting V:1 by +1; croma V:1 47 measures/121 notes = ABC, V:2 byte-identical both sides; measure=yes rests not the cause - croma spec-correct",ABC 2.1 §4.8 - KB raw line 983,high,2026-06-13
tune_003188.abc,measure_alignment,abc2xml-phantom-measure,abc2xml,"abc2xml misparses [""Em""G,D] (chord symbol inside the [ chord bracket) as a variant ending (number=33) + light-heavy barline, splitting 2 bars into 4; croma 24 measures = ABC bars, Em chord correct - croma spec-correct",ABC 2.1 §4.18/§4.17 - KB raw line 1292/1325,high,2026-06-13
tune_006399.abc,measure_alignment,abc2xml-phantom-measure,abc2xml,abc2xml emits 3 phantom empty measures at standalone A/B/Bridge backslash-continued labels (cluster with 006402/006403); 140 events both identical = ABC count - croma spec-correct,ABC 2.1 §2.2.6 - KB raw line 340,high,2026-06-13
tune_008393.abc,measure_alignment,abc2xml-phantom-measure,abc2xml,"abc2xml emits 3 zero-note phantom measures (A/D/E chord + Minuet mark + barline at section starts; cluster 008391/2/3); 104 notes both = ABC count, 31 real measures - croma spec-correct",ABC 2.1 §4.18 - KB raw line 1292,high,2026-06-13
tune_008391.abc,measure_alignment,abc2xml-phantom-measure,abc2xml,"abc2xml inserts 3 empty leading measures at section pickups (A/D/E chord+|:/[| before first note); 104 notes both = ABC count, 31 real measures - croma spec-correct",ABC 2.1 §4.8/§4.18 - abc2xml inserts phantom leading/section measures (empty or harmony-only); croma note count matches the ABC source,high,2026-06-13
tune_008392.abc,measure_alignment,abc2xml-phantom-measure,abc2xml,"abc2xml inserts 3 content-empty leading measures at |:/[| section starts (sibling of 008391/3); 104 notes both = ABC count, 0 ABC rests - croma spec-correct",ABC 2.1 §4.8/§4.18 - abc2xml inserts phantom leading/section measures (empty or harmony-only); croma note count matches the ABC source,high,2026-06-13
tune_006398.abc,measure_alignment,abc2xml-phantom-measure,abc2xml,abc2xml fabricates 3 note-free leading measures at |:/[| section starts (cluster 006399/006402/006403); 131 notes+9 rests both = ABC count - croma spec-correct,ABC 2.1 §4.8/§4.18 - abc2xml inserts phantom leading/section measures (empty or harmony-only); croma note count matches the ABC source,high,2026-06-13
tune_000878.abc,measure_alignment,abc2xml-phantom-measure,abc2xml,"abc2xml fabricates a phantom leading measure (C4 half-note not in source; body opens G2); croma 146 notes = ABC count, ref[1:]==croma per-measure - croma spec-correct",ABC 2.1 §4.8/§4.18 - abc2xml inserts phantom leading/section measures (empty or harmony-only); croma note count matches the ABC source,high,2026-06-13
tune_004513.abc,measure_alignment,abc2xml-phantom-measure,abc2xml,abc2xml emits 2 phantom empty harmony-only measures at A/B section starts; 98 notes/3+3 repeats/4 endings both = ABC - croma spec-correct,ABC 2.1 §4.8/§4.18 - abc2xml inserts phantom leading/section measures (empty or harmony-only); croma note count matches the ABC source,high,2026-06-13
tune_004512.abc,measure_alignment,abc2xml-phantom-measure,abc2xml,abc2xml emits 2 phantom empty measures (A/B chord-symbol section heads); 98 notes/6 repeat+4 ending barlines both = ABC (sibling of 004513) - croma spec-correct,ABC 2.1 §4.8/§4.18 - abc2xml inserts phantom leading/section measures (empty or harmony-only); croma note count matches the ABC source,high,2026-06-13
tune_012212.abc,measure_alignment,abc2xml-phantom-measure,abc2xml,"abc2xml fabricates a phantom leading C4 measure (fifths=0/dotted barline; body opens DGA in K:G); croma 192 notes = ABC count, 47 real measures, clean +1 shift - croma spec-correct",ABC 2.1 §4.8/§4.18/§2.2.6 - abc2xml fabricates phantom leading/section measures; croma note count matches the ABC source,high,2026-06-13
tune_008060.abc,measure_alignment,abc2xml-phantom-measure,abc2xml,"abc2xml fabricates a phantom leading measure (B E A, C-major/4-4 vs source M:2/4 K:A) + segno/coda/ornaments absent from source; croma 177 notes = ABC count - croma spec-correct",ABC 2.1 §4.8/§4.18/§2.2.6 - abc2xml fabricates phantom leading/section measures; croma note count matches the ABC source,high,2026-06-13
tune_001365.abc,measure_alignment,abc2xml-phantom-measure,abc2xml,"abc2xml fabricates 10 phantom pitched notes + an extra measure in V:1 line 1 (E5/D5/B5 absent from source G|ECEG|...); croma 81 notes+6 rests = ABC count, V:2 identical - croma spec-correct",ABC 2.1 §4.8/§4.18/§2.2.6 - abc2xml fabricates phantom leading/section measures; croma note count matches the ABC source,high,2026-06-13
tune_006700.abc,measure_alignment,abc2xml-phantom-measure,abc2xml,"abc2xml corrupts the head (cB)|c2e2c2e2| into a phantom C4 measure + 7 mismatching notes; croma 114 notes = ABC count, croma[n]==abc2xml[n+1] for all 25 measures - croma spec-correct",ABC 2.1 §4.8/§4.18/§2.2.6 - abc2xml fabricates phantom leading/section measures; croma note count matches the ABC source,high,2026-06-13
tune_007222.abc,measure_alignment,abc2xml-phantom-measure,abc2xml,"abc2xml fabricates 3 phantom whole-rest measures from dangling backslash-continued B/C/D section annotations; 138 notes both = ABC count, 53 real measures - croma spec-correct",ABC 2.1 §4.8/§4.18/§2.2.6 - abc2xml fabricates phantom leading/section measures; croma note count matches the ABC source,high,2026-06-13
tune_007219.abc,measure_alignment,abc2xml-phantom-measure,abc2xml,"abc2xml synthesizes 3 empty measures from standalone A/B/C section-label annotations; 138 notes both = ABC count, 53 real measures - croma spec-correct",ABC 2.1 §4.6/§4.18/§2.2.2 - abc2xml fabricates phantom leading/section measures; croma note count matches the ABC source,high,2026-06-13
tune_009183.abc,measure_alignment,abc2xml-phantom-measure,abc2xml,"abc2xml ignores M:2/4, opens in 4/4 and splits the pickup into 2 measures via a dotted barline; croma 128 notes = ABC count, uniform 2/4 - croma spec-correct",ABC 2.1 §3.1.6 - KB raw line 556 (M:2/4),high,2026-06-13
tune_001005.abc,measure_alignment,abc2xml-phantom-measure,abc2xml,"abc2xml fabricates a phantom leading C4 measure (source first note is D2); croma 84 notes = ABC count, croma stream == abc2xml[1:] - croma spec-correct",ABC 2.1 §4.6/§4.18/§2.2.2 - abc2xml fabricates phantom leading/section measures; croma note count matches the ABC source,high,2026-06-13
tune_008486.abc,measure_alignment,abc2xml-phantom-measure,abc2xml,abc2xml fabricates 2 phantom leading measures (B4 E4 A4 C4 absent from source) before the (gf) anacrusis; croma 99 notes = ABC count - croma spec-correct,ABC 2.1 §4.6/§4.18/§2.2.2 - abc2xml fabricates phantom leading/section measures; croma note count matches the ABC source,high,2026-06-13
tune_006092.abc,measure_alignment,abc2xml-phantom-measure,abc2xml,"abc2xml mis-parses the non-standard header field notC:by Morgan ""75"" as music, scavenging C/b/g/a into phantom leading measures; croma 107 notes = ABC count - croma spec-correct (KB line 281: info fields are not music)",ABC 2.1 §2.2.2 - KB raw line 281,high,2026-06-13
tune_005004.abc,duration,abc2xml-duration,abc2xml,"abc2xml uses default L:1/8 for M:2/4 (should be 1/16 per §3.1.7 since 2/4=0.5<0.75), doubling every duration (bars overfull 4.0 vs 2.0); identical structure (87 meas/276 notes/38 rests both); croma spec-correct",ABC 2.1 §3.1.7 - KB raw line 573 (2/4 default unit = 1/16),high,2026-06-13
tune_006272.abc,measure_alignment,abc2xml-phantom-measure,abc2xml,"abc2xml fabricates a phantom leading measure (B4 E4 A4, wrong fifths=0/4-4 vs K:D M:C|) before the (3(ABc) anacrusis; croma 122 notes = ABC count, 18 real measures - croma spec-correct","ABC 2.1 §4.8 - abc2xml fabricates a phantom leading measure; croma note count matches the ABC source, measures 2+ identical",high,2026-06-13
tune_001361.abc,measure_alignment,abc2xml-phantom-measure,abc2xml,abc2xml prepends 11 phantom notes (C4 measure + 10-note cluster) before the A anacrusis; abc2xml[11:] aligns exactly with croma[0:]; croma 83 notes = ABC count - croma spec-correct,"ABC 2.1 §4.8 - abc2xml fabricates a phantom leading measure; croma note count matches the ABC source, measures 2+ identical",high,2026-06-13
tune_005360.abc,measure_alignment,abc2xml-phantom-measure,abc2xml,"abc2xml fabricates a phantom leading C4 measure (dotted barline; source opens on d=D5); croma 16 measures = ABC barline segments, m1 = full 6/8 bar - croma spec-correct","ABC 2.1 §4.8 - abc2xml fabricates a phantom leading measure; croma note count matches the ABC source, measures 2+ identical",high,2026-06-13
tune_002835.abc,measure_alignment,abc2xml-phantom-measure,abc2xml,abc2xml mis-parses the non-standard header field notC:by Thos. Clark as music (phantom C4 + B5/A5/A4 from 'by Thos. Clark'); croma 79 notes = ABC count - croma spec-correct,ABC 2.1 §3 - KB raw line 50/54 - abc2xml mis-parses a non-standard notC: header field as music; croma correctly ignores it,high,2026-06-13
tune_001977.abc,measure_alignment,abc2xml-phantom-measure,abc2xml,"abc2xml mis-parses notC:""or Cornish tune."" as music (phantom C4 + words direction); croma 75 notes = ABC count, 23 measures - croma spec-correct",ABC 2.1 §3 - KB raw line 50/54 - abc2xml mis-parses a non-standard notC: header field as music; croma correctly ignores it,high,2026-06-13
tune_009788.abc,measure_alignment,abc2xml-phantom-measure,abc2xml,"abc2xml fabricates a phantom leading measure (C4 + bogus A5/notes absent from source) before the A anacrusis, wrong fifths=0 vs K:D; croma 94 notes = ABC stream exactly, 27 measures - croma spec-correct",ABC 2.1 §4.8/§4.18/§3.1.6 - abc2xml fabricates phantom leading/section measures or wrong meter; croma note count matches the ABC source,high,2026-06-13
tune_001057.abc,measure_alignment,abc2xml-phantom-measure,abc2xml,"abc2xml fabricates a 4-note phantom measure (E5 C5 E5 C5 absent from source) + dotted pickup barline; croma 108 notes = ABC count, 14 measures - croma spec-correct",ABC 2.1 §4.8/§4.18/§3.1.6 - abc2xml fabricates phantom leading/section measures or wrong meter; croma note count matches the ABC source,high,2026-06-13
tune_007780.abc,measure_alignment,abc2xml-phantom-measure,abc2xml,"abc2xml fabricates a phantom leading C4 measure + 4 bogus notes (C4 B4 D5 G5) before the g>a anacrusis; croma 105 notes = ABC stream exactly, 18 measures - croma spec-correct",ABC 2.1 §4.8/§4.18/§3.1.6 - abc2xml fabricates phantom leading/section measures or wrong meter; croma note count matches the ABC source,high,2026-06-13
tune_015532.abc,measure_alignment,abc2xml-phantom-measure,abc2xml,"abc2xml emits 4/4 + eighth unit (vs M:2/4 L:1/16) splitting the (Bc) anacrusis into a phantom pair; croma 111 notes = ABC count, 18 measures, correct 2/4 - croma spec-correct",ABC 2.1 §3.1.6/§3.1.7 - KB raw line 556/865,high,2026-06-13
tune_012024.abc,measure_alignment,abc2xml-phantom-measure,abc2xml,abc2xml hoists section-opener chord symbols (A/B/C) into 2 standalone note-less measures; 159 events both identical = no music lost; croma 31 measures - croma spec-correct,ABC 2.1 §4.20 - chord symbol attaches to following note,high,2026-06-13
tune_006400.abc,measure_alignment,abc2xml-phantom-measure,abc2xml,"abc2xml materializes 2 empty phantom measures from backslash-continued A/B annotation lines; 86 notes both = ABC count, croma 32 measures - croma spec-correct",ABC 2.1 §6.1.1 - KB raw line 1496 (backslash continuation),high,2026-06-13
tune_015494.abc,measure_alignment,abc2xml-phantom-measure,abc2xml,"abc2xml fabricates an empty leading measure (attributes-only, 0 notes) before the ||:~A3B full bar; 141 notes both = ABC count, croma 21 measures - croma spec-correct",ABC 2.1 §4.8/§4.18/§3.1.6 - abc2xml fabricates phantom leading/section measures or wrong meter; croma note count matches the ABC source,high,2026-06-13
tune_009638.abc,duration,abc2xml-duration,abc2xml,"abc2xml divisions=2520 truncates the broken-rhythm B/4 (157.5->157 div, qL 0.0623 vs exact 0.0625); croma divisions=16 spec-exact; 115 notes both = ABC count; measure_alignment is the same truncation cascade",ABC 2.1 §4.3/§4.4 - KB raw line 845/877 - note lengths to 1/128; abc2xml non-integer-divisions rounding,high,2026-06-13
tune_015256.abc,duration,abc2xml-broken-rhythm,abc2xml,"abc2xml mis-applies broken-rhythm halving across grace {F2E2}: dots E2 but leaves final D2 a full quarter (should be 0.5q), overfull 4/4 bar 4.5 vs croma's correct 4.0; grace transparent to > per §4.12; 124 notes both",ABC 2.1 §4.4/§4.12 - KB raw line 877/1076 - > halves next note; gracenotes transparent to broken rhythm,high,2026-06-13
tune_015691.abc,duration,abc2xml-broken-rhythm,abc2xml,"abc2xml halves the grace {/a} not the melody g in g>{/a}g (grace transparent to > per §4.12), leaving g a full eighth and overfilling the 2/4 bar 2.25 vs croma's correct 2.0; 69 notes both = ABC count",ABC 2.1 §4.4/§4.12 - KB raw line 877/1076 - > halves next melody note; gracenotes transparent to broken rhythm,high,2026-06-13
tune_005637.abc,duration,abc2xml-broken-rhythm,abc2xml,"abc2xml leaves e unhalved in f>{gf}e (grace transparent to > per §4.12), overfilling bar 13 to 4.25 vs croma's correct 4.0; 113 notes+13 grace both = ABC count; measure_alignment offsets 14-18 are the cascade",ABC 2.1 §4.4/§4.12 - KB raw line 877/1076 - > halves next melodic note; gracenotes transparent to broken rhythm,high,2026-06-13
tune_014674.abc,missing_in_croma,abc2xml-reinterpretation,abc2xml,"abc2xml fabricates a slur from the invalid cross-pitch tie =c'2-b2 (C6 vs B5); §4.11 forbids interchanging ties/slurs; croma correctly drops the tie and warns abc.music.unmatched_tie; 24 ties identical both sides, no note dropped",ABC 2.1 §4.11 - KB raw line 1066 - ties connect same pitch; ties and slurs should not be interchanged,high,2026-06-13
tune_012825.abc,missing_in_croma,abc2xml-phantom-harmony,abc2xml,abc2xml fabricates a phantom trailing B- harmony from the dangling chord symbol 'Bb' in F3'Bb'|] (no following note before |]); croma correctly drops it and warns abc.music.dangling_quoted_text; the parallel 'Bb'd elsewhere binds correctly,ABC 2.1 §4.18 - KB raw line 1292 - chord symbol placed left of the note it is sounded with,high,2026-06-13
tune_008656.abc,missing_in_croma,abc2xml-phantom-direction,abc2xml,"abc2xml fabricates an empty words direction from the empty quoted string (no placement specifier, no content); croma correctly emits nothing; §4.19 annotations need a ^_<>@ specifier and §4.18 chords need a note",ABC 2.1 §4.19/§4.18 - KB raw line 1313/1294 - annotation needs placement specifier; chord needs a note,high,2026-06-13
tune_012129.abc,extra_in_croma,abc2xml-drops-music,abc2xml,abc2xml drops the legitimate Q: 'Slow & sad' curly-quote (U+201D) tempo string; croma emits the tempo direction/words per §3.1.8/§6.1.3 (Q: tempo must be printed); 51 notes identical both sides,ABC 2.1 §3.1.8/§6.1.3 - KB raw line 592/1561 - text-only Q: tempo permitted and must be printed,high,2026-06-13
tune_012750.abc,extra_in_croma,abc2xml-drops-music,abc2xml,abc2xml drops the legitimate Q: 'Slowish' curly-quote (U+201D) tempo string; croma emits the tempo direction/words per §3.1.8; same root cause as tune_012129,ABC 2.1 §3.1.8 - KB raw line 591-593 - text-only Q: tempo string permitted,high,2026-06-13
tune_010801.abc,harmony,equivalence,equivalence,"trailing 'D' chord at end of M15 with no following note: croma attaches it to the next note (M16 offset 0.0), abc2xml leaves it dangling at M15 offset 3.0 - same instant across the barline, same D-major chord; §4.18 'note it is sounded with' favors croma",ABC 2.1 §4.18 - KB raw line 1292 - chord symbol placed left of the note it is sounded with,high,2026-06-13
tune_012447.abc,slur,abc2xml-slur-nesting,abc2xml,"nested same-note slurs (e|(e6)|e): croma nests correctly (outer m3->m5, inner m4->m4 same-note), abc2xml flattens/mispairs (m3->m4, m4->m5); §4.11 permits nested and same-note slurs; croma spec-correct",ABC 2.1 §4.11 - KB raw line 1052/1058 - slurs may be nested and may start/end on the same note,high,2026-06-13
tune_004543.abc,direction,equivalence,equivalence,Q: 'Andante' text-only tempo (no BPM): both emit identical words Andante; differ only in playback-only sound-tempo default (croma 120 vs abc2xml 88); spec mandates no BPM for string-only Q:,ABC 2.1 §3.1.8 - KB raw line 592 - string-only Q: tempo permitted with no default BPM,high,2026-06-13
tune_005638.abc,duration,abc2xml-broken-rhythm,abc2xml,"abc2xml leaves e unhalved in f>{gf}e (grace transparent to > per §4.12), overfilling bar 13 to 4.25 vs croma's correct 4.0; measure_alignment offsets 14-18 are the cascade; near-duplicate of tune_005637",ABC 2.1 §4.4/§4.12 - KB raw line 877/1076 - > halves next melodic note; gracenotes transparent to broken rhythm,high,2026-06-13
tune_004269.abc,barline,abc2xml-phantom-measure,abc2xml,"space-separated leading | | | before first note: abc2xml fabricates an empty leading measure with a light-light double bar (type double), croma emits no fabricated barline; no contiguous || token exists in source; 12 measures, notes identical",ABC 2.1 §4.8 - KB raw line 985 - || is the contiguous two-pipe token; space-separated | are separate single bars,high,2026-06-13
tune_009646.abc,barline,abc2xml-barline-style,abc2xml,explicit || (m32 right edge) immediately before |: (m33 left): abc2xml drops the || entirely; croma renders both light-light + forward-repeat per §4.8; || precedes a forward-repeat START on the next measure so no absorption applies,ABC 2.1 §4.8 - KB raw line 985 - || thin-thin double bar line maps to light-light,high,2026-06-13
tune_012421.abc,missing_in_croma,abc2xml-phantom-direction,abc2xml,"empty quoted string after :||: repeat: abc2xml fabricates a content-free empty words direction, croma suppresses it; 176 notes/32 meas/4 rests identical; empty string is neither a §4.18 chord nor a §4.19 annotation - nothing visible/audible lost",ABC 2.1 §4.18/§4.19 - KB raw line 1292/1313 - chord needs a note; annotation needs a ^_<>@ specifier,medium,2026-06-13
tune_013063.abc,missing_in_croma,abc2xml-reinterpretation,abc2xml,"invalid cross-pitch tie F2- ^E2 (F# vs E#): abc2xml fabricates a slur from it; croma correctly drops the tie and warns abc.music.unmatched_tie; 165 notes/52 ties identical, no real slur in source; §4.11 forbids tie/slur interchange",ABC 2.1 §4.11 - KB raw line 1048/1066 - ties connect same pitch; ties and slurs must not be interchanged,high,2026-06-13
tune_015359.abc,extra_in_croma,abc2xml-drops-music,abc2xml,abc2xml drops the legitimate Q: 'Slow' curly-quote (U+201D) tempo string; croma emits the tempo direction/words per §3.1.8/§6.1.3; 76 notes identical; same root cause as tune_012129/012750,ABC 2.1 §3.1.8/§6.1.3 - KB raw line 591/1556 - text-only Q: tempo permitted and must be printed,high,2026-06-13
tune_006262.abc,harmony,abc2xml-harmony-placement,abc2xml,"A2 'D' | F : croma attaches chord D to the downbeat F (the note it is sounded with per §4.18), abc2xml mis-binds it to the preceding A2 pickup (m10 offset 1.0); same figure, croma spec-correct",ABC 2.1 §4.18 - KB raw line 1292 - chord symbol placed left of the note it is sounded with,high,2026-06-13
tune_012729.abc,harmony,abc2xml-harmony-placement,abc2xml,"trailing chord 'A'|/'B'|/'C'| before a barline+continuation: croma attaches to the following note (next measure offset 0.0, the note it is sounded with per §4.18), abc2xml mis-binds to the preceding note in the current bar; same figures, croma spec-correct",ABC 2.1 §4.18/§4.20 - KB raw line 1292/1323 - chord symbol placed left of the note it is sounded with,high,2026-06-13
tune_004626.abc,slur,music21-reinterpretation,music21,"abc2xml reuses slur number=2 for an orphan open in P1; music21 chains it into a phantom 3-note cross-part slur; croma resets slur numbering per part and closes the one real slur in-part (count 2 G2->D3); 18 slurs both, only slur[17] differs",ABC 2.1 §4.11 - KB raw line 1054 - slurs connect the first and last note of a series,high,2026-06-13
tune_012448.abc,slur,abc2xml-slur-nesting,abc2xml,"same-note slur (e3) inside nested slurs: croma nests LIFO correctly (3 slurs incl the same-note one), abc2xml closes+reopens non-LIFO and drops the same-note slur; §4.11 permits same-note slurs; croma spec-correct",ABC 2.1 §4.11 - KB raw line 1058 - slurs may start and end on the same note (c d (e) f g a),high,2026-06-13
tune_010459.abc,tuplet,abc2xml-tuplet-bracket,abc2xml,"single-note (3:2:1 tuplets (r=1): croma emits start+stop on the one note (startStop, well-formed), abc2xml emits orphan <tuplet type=stop> with no start (malformed, music21 type=null); 3:2 ratio and 1/3 duration identical; croma spec-correct",ABC 2.1 §4.13 - KB raw line 1094 - (p:q:r puts p notes in time of q for next r notes; r defaults to p,high,2026-06-13
tune_010462.abc,tuplet,abc2xml-tuplet-bracket,abc2xml,"single-note (3:2:1 tuplets: croma emits start+stop (startStop) per note, abc2xml emits orphan stops with no start (malformed); ratio/duration identical; croma spec-correct; same root cause as tune_010459",ABC 2.1 §4.13 - KB raw line 1094 - (p:q:r single-note tuplet must start and stop on its one note,high,2026-06-13
tune_012510.abc,extra_in_croma,abc2xml-drops-music,abc2xml,"abc2xml drops the legitimate Q:1/4=78 tempo; croma emits the correct metronome (beat-unit quarter, per-minute 78); 59 notes identical; the 'andantino' text is music21's bpm-to-word fabrication, not croma content",ABC 2.1 §3.1.8 - KB raw line 579 - Q: defines tempo in beats per minute (Q:1/2=120),high,2026-06-13
tune_009238.abc,missing_in_croma,abc2xml-reinterpretation,abc2xml,"invalid tie Dd- across the first-ending boundary (partner D unreachable): abc2xml fabricates a cross-ending slur D5->D4 from it; croma correctly drops the tie + warns abc.music.unmatched_tie; 0 parens in source, 67 notes/2 ties identical; §4.11 forbids tie/slur interchange",ABC 2.1 §4.11 - KB raw line 1054 - ties and slurs have different meanings and must not be interchanged,high,2026-06-13
tune_005107.abc,direction,equivalence,equivalence,Q:'Andante' text-only tempo: identical <words>Andante</words> both sides; differ only in playback-only <sound tempo> default (croma 120 vs abc2xml 88); spec mandates no BPM for a string-only Q:,ABC 2.1 §3.1.8 - KB raw line 592 - string-only Q: tempo permitted with no default BPM,high,2026-06-13
tune_012594.abc,direction,equivalence,equivalence,Q:'Allegretto' text-only tempo: identical <words> both sides; differ only in playback-only sound-tempo (croma 120 vs abc2xml 112); no spec BPM for a string-only Q:,ABC 2.1 §3.1.8 - KB raw line 592 - string-only Q: tempo permitted with no default BPM,high,2026-06-13
tune_005331.abc,direction,equivalence,equivalence,"Q:'Allegretto' text-only tempo: identical <words> both sides; differ only in playback-only sound-tempo (croma 120, documented+tested default, vs abc2xml 112); no spec BPM for a string-only Q:",ABC 2.1 §3.1.8 - KB raw line 592 - string-only Q: tempo permitted with no default BPM,high,2026-06-13
tune_005277.abc,direction,equivalence,equivalence,Q:'Andante' text-only tempo: identical <words>Andante</words> both sides; differ only in playback-only sound-tempo (croma 120 vs abc2xml 88); no spec BPM for a string-only Q:,ABC 2.1 §3.1.8 - KB raw line 592 - string-only Q: tempo permitted with no default BPM,high,2026-06-13
tune_013577.abc,extra_in_croma,abc2xml-drops-music,abc2xml,"lyric underscore _ (hold syllable for an extra note, §5.1): croma emits <extend/> on the held note (correct), abc2xml drops it (inconsistent - it handles the identical m6 're- _' but drops m8 'a- _'); 2 notes both sides, croma spec-correct",ABC 2.1 §5.1 - KB raw line 1384 - _ underscore holds the previous syllable for an extra note,high,2026-06-13
tune_011562.abc,tuplet,abc2xml-tuplet-grace,abc2xml,"grace note in tuplet ((3{f}efe): croma excludes the grace from the 3:2 time-modification and starts the tuplet on the first real note e (§4.12 grace has no time value), abc2xml scales the grace and starts the bracket on it; both bars sum correctly; croma spec-correct",ABC 2.1 §4.12/§4.13 - KB raw line 1070/1078 - grace notes have no melodic time value; (3 covers the next 3 notes,high,2026-06-13
tune_015601.abc,missing_in_croma,abc2xml-phantom-slur,abc2xml,"abc2xml fabricates a phantom slur D5->E5 spanning the repeat barline AND the [1->[2 ending boundary (musically impossible); source has zero ) and all ( are (3 tuplets so no slur exists; 127 notes both sides, croma correctly emits no slur",ABC 2.1 §4.11/§4.13 - KB raw line 1050/1080 - slurs need () symbols; (3 is a triplet specifier,high,2026-06-13
tune_009113.abc,barline,abc2xml-barline-style,abc2xml,| |: (single bar + repeat-start across a backslash continuation): abc2xml coalesces the whitespace-separated pipes into ||: and fabricates a light-light double bar; croma correctly renders a plain bar + forward repeat; isolated repro confirms abc2xml treats | |: the same as ||:,"ABC 2.1 §4.8 - KB raw line 983/985/987 - bar | , double bar || , and repeat |: are distinct tokens",high,2026-06-13
tune_006578.abc,measure_alignment,abc2xml-phantom-measure,abc2xml,abc2xml fabricates a phantom leading <time>4/4</time> before the real 6/8 in m1 (music21 reads bar_duration 4.0 vs croma's correct 3.0); only M:6/8 declared; 126 notes all three; croma spec-correct,ABC 2.1 §3.1.6 - KB raw line 556 - M: declares the meter; only M:6/8 present,high,2026-06-13
tune_005958.abc,measure_alignment,abc2xml-phantom-measure,abc2xml,"no header M: (free meter per §3.1.6): abc2xml fabricates <time>4/4</time> on m1, croma correctly emits no time element; 85 notes all three, both m1 hold 54.5 ql of content; croma spec-correct",ABC 2.1 §3.1.6 - KB raw line 565 - no M: field means free meter,high,2026-06-13
tune_009109.abc,measure_alignment,abc2xml-phantom-measure,abc2xml,"abc2xml fabricates a phantom <time>4/4</time> before the real 6/8 in m1 (bar_duration 4.0 vs croma 3.0); only M:6/8 declared; 77 notes all three, identical 16-measure layout; croma spec-correct",ABC 2.1 §3.1.6 - KB raw line 556 - M: declares the meter; only M:6/8 present,high,2026-06-13
tune_002337.abc,measure_alignment,abc2xml-phantom-measure,abc2xml,"abc2xml fabricates a phantom <time>4/4</time> before the real 6/8 in the pickup m1 (bar_duration 4.0 vs croma 3.0); only M:6/8 declared; 154 notes all three, identical 33-measure layout; croma spec-correct",ABC 2.1 §3.1.6 - KB raw line 556 - M: declares the meter; only M:6/8 present,high,2026-06-13
tune_008233.abc,duration,abc2xml-duration,abc2xml,"abc2xml encodes F//// and F/// as the same 157/2520 duration and labels F//// as 64th; ABC slash-length rules make croma exact at 1/128 for F//// and 1/64 for F///, so measure_alignment rows are the duration-grid artifact.",ABC 2.1 §4.3 - KB raw lines 869/873 - slash shorthand halves repeatedly; compliant software should handle 128th notes,high,2026-06-13
tune_015262.abc,duration,abc2xml-duration,abc2xml,"abc2xml truncates each (4 A/2-style tuplet note to 59/315 on its 2520-division grid; ABC (4 over L:1/8 sixteenths gives exact 3/16 qL per note, matching croma, with identical note counts both sides.","ABC 2.1 §4.3/§4.13 - KB raw lines 861/867/1085/1100 - L:1/8, A/2 sixteenth, (4 is 4 notes in time of 3",high,2026-06-13
tune_005486.abc,duration,abc2xml-broken-rhythm,abc2xml,"abc2xml leaves the post-grace melodic g/ in g/>{a}g/ unhalved at qL 0.25, overfilling the bar to 4.125; graces have no melodic time value and croma correctly halves the following melodic note to qL 0.125.","ABC 2.1 §4.3/§4.4/§4.12 - KB raw lines 861/867/877/1070 - A/2 length, > halves next note, grace notes have no melodic time value",high,2026-06-13
tune_012981.abc,duration,equivalence,abc2xml,"Unequal-length broken rhythm g>a/4 is undefined by ABC 2.1; both tools choose the same notated 64th recovery, but abc2xml truncates exact 0.0625 to 157/2520 on its 2520-division grid, causing the alignment cascade.",ABC 2.1 §4.4 - KB raw lines 877/893 - > dots previous and halves next; unequal-length broken rhythm is undefined,medium,2026-06-13
tune_014161.abc,octave,equivalence,equivalence,"Both tools preserve 36 pitched notes plus 2 rests; the octave row is a raw event-index shift caused by zero-duration {e/} grace placement at the m8/m9 boundary, not a D octave disagreement.","ABC 2.1 §4.20/§4.12 - KB raw lines 1323/1070 - grace notes precede notes and have no melodic time value",high,2026-06-13
tune_006602.abc,octave,equivalence,equivalence,"Both tools preserve 61 pitched notes from the ABC; the octave rows come from measure-side placement of the zero-duration {b} grace at the m12/m13 boundary, not a pitch or octave error.","ABC 2.1 §4.12/§4.20 - KB raw lines 1070/1323 - grace notes have no melodic time value and precede the note",high,2026-06-13
tune_007395.abc,octave,abc2xml-phantom-measure,abc2xml,"abc2xml parses the pre-K URL tail `9.abc` as ending/music and adds A5/B5/C5; croma starts after K:Dmix and emits 41 notes matching the post-K ABC source note-letter count.","ABC 2.1 §2.2.1 - KB lines 275-277 - header finishes with K: and tune body follows immediately after",high,2026-06-13
tune_012468.abc,octave,abc2xml-phantom-measure,abc2xml,"abc2xml parsed pre-K header token `002atl_r` as an ending plus A5 and emitted 117 pitched notes; croma starts after K:G with `(3DEF`, emits 116 pitched notes matching the post-K ABC source note-letter count, so octave rows are leading-note alignment artifacts.","ABC 2.1 §3.1.14/§4.1/§4.13 - KB lines 696/845/1084 - K: finishes header; normal octave; (3 triplet",high,2026-06-13
tune_011263.abc,octave,abc2xml-phantom-measure,abc2xml,"abc2xml parsed pre-K prose `his song Silent O Moyle` as a leading G5 plus direction and emitted 84 pitched notes; croma starts after K:C with `c2c>c B2B2` and emits 83 pitched notes matching the post-K ABC source note-letter count.","ABC 2.1 §2.2.1/§3.3 - KB lines 275/807 - header finishes with K:; continued fields must use +:",high,2026-06-13
tune_006807.abc,octave,equivalence,equivalence,"Both tools preserve 74 pitched notes matching the ABC source; the octave row is a raw event-index shift caused by zero-duration {ef} grace placement on opposite sides of the m13/m14 barline, not a pitch or octave disagreement.","ABC 2.1 §4.12/§4.20/§4.1 - KB raw lines 1070/1323/845 - grace notes have no melodic time value and precede the note; apostrophe raises an octave",high,2026-06-13
tune_001046.abc,octave,equivalence,equivalence,"Both tools preserve 108 pitched notes matching the ABC source; the octave row compares croma's zero-duration grace D5 at the start of m26 with abc2xml/music21's following C4 after the same {cd} grace pair is placed at the end of m25.","ABC 2.1 §4.12/§4.20/§6.1.2 - KB raw lines 1070/1323/1552 - grace notes have no melodic time value and precede notes; y creates no rest",high,2026-06-13
tune_005365.abc,octave,equivalence,equivalence,"Both tools preserve 329 pitched notes matching the ABC source and the same global pitch sequence around d4{ef}||; croma places the zero-duration E/F# grace pair at m27 start while abc2xml places it at m26 end, shifting measure-local event indexes.","ABC 2.1 §4.12/§4.20 - KB raw lines 1070/1323 - grace notes have no melodic time value and precede notes",high,2026-06-13
tune_010375.abc,octave,abc2xml-phantom-measure,abc2xml,"abc2xml parsed pre-K prose `in E minor` as a leading E4 and emitted 189 pitched notes; croma starts after K:D with `ABc` as A4/B4/C#5 and emits 188 pitched notes matching the ABC source note-letter count.","ABC 2.1 §3.1.14/§4.1 - KB raw lines 696/847 - K: finishes the header; lowercase c is one octave above uppercase C",high,2026-06-13
tune_012737.abc,octave,equivalence,equivalence,"Both tools preserve 70 pitched notes matching the ABC source and the same flattened sequence around ~g2{fe}|; octave rows come from croma placing the zero-duration F#/E grace pair at m8 start while abc2xml places it at m7 end.","ABC 2.1 §4.12/§4.20 - KB raw lines 1070/1323 - grace notes have no melodic time value and precede notes",high,2026-06-13
tune_007042.abc,octave,abc2xml-phantom-measure,abc2xml,"abc2xml parsed pre-K URL tail `7.abc` as A5/B5/C5 plus ending 7 and emitted 116 pitched notes; croma starts after K:G with `G2Be d2Bd` and emits 113 pitched notes matching the post-K ABC source note-letter count.","ABC 2.1 §2.2.1/§4.1 - KB lines 277/847 - tune body follows K:; lowercase notes are one octave above uppercase",high,2026-06-13
tune_013317.abc,octave,abc2xml-phantom-measure,abc2xml,"abc2xml parsed pre-K URL tail `0.abc` as A5/B5/C5 plus ending 0 and emitted 124 pitched notes; croma starts after K:G with `(Bc)` and emits 121 pitched notes matching the post-K ABC source note-letter count.","ABC 2.1 §2.2.1/§3.1.14/§4.1/§4.3 - KB lines 275-277/696/847/861-865 - header finishes with K:; L: sets bare-note length",high,2026-06-13
tune_009444.abc,octave,abc2xml-phantom-measure,abc2xml,"abc2xml parsed pre-K line `1.abc` as A5/B5/C5 and emitted 49 pitched notes; croma starts after K: with `(B/c/B)A GED` and emits 46 pitched notes matching the post-K ABC source note-letter count.","ABC 2.1 §3.1.14 - KB line 696 - first K: finishes the tune header",high,2026-06-13
tune_009934.abc,octave,abc2xml-phantom-measure,abc2xml,"abc2xml parsed pre-K URL tail `7.abc` as A5/B5/C5 plus ending 7 and emitted 75 pitched notes; croma starts after K:D with `ABA A2G F2G` and emits 72 pitched notes matching the post-K ABC source note-letter count.","ABC 2.1 §2.2.1 - KB lines 275/277 - header finishes with K: and the tune body follows immediately after",high,2026-06-13
tune_004011.abc,octave,abc2xml-phantom-measure,abc2xml,"abc2xml parsed pre-K line `2.abc` as A5/B5/C5 and emitted 125 pitched notes; croma starts after K:G with `G2(GA) BGBd` and emits 122 pitched notes matching the post-K ABC source note-letter count.","ABC 2.1 §2.2.1 - KB raw lines 275-277 - tune header finishes with K: and the tune body follows immediately after",high,2026-06-13
tune_010744.abc,octave,abc2xml-phantom-measure,abc2xml,"abc2xml parsed pre-K text `001ard_c` as A5/D5/C-flat5 and emitted 116 pitched notes; croma starts after K:A=G with `ABcd` and emits 113 pitched notes matching the post-K ABC source note-letter count.","ABC 2.1 §3.1.14 - KB line 696 - following lines after first K: are tune body",high,2026-06-13
tune_008050.abc,octave,abc2xml-phantom-measure,abc2xml,"abc2xml parsed pre-K URL tail `7.abc` as A5/B5/C5 and emitted 180 pitched notes; croma starts after K:A with `(AF)` and emits 177 pitched notes matching the post-K ABC source note-letter count.","ABC 2.1 §3.1.14/§4.1 - KB lines 696/845 - K: finishes the tune header; octave marks define pitch register",high,2026-06-13
tune_003729.abc,octave,abc2xml-phantom-measure,abc2xml,"abc2xml parsed the pre-K stray continuation text `tures` as a leading E5 and emitted 16 pitched notes; croma starts after K:C with `CDEF` and emits 15 pitched notes matching the post-K ABC source note-letter count.","ABC 2.1 §2.2.1/§3.3/§10.3 - KB lines 275-277/807/1948 - header finishes with K:; field continuation uses +:; backslash is not a general continuation",high,2026-06-13
tune_005569.abc,octave,abc2xml-phantom-measure,abc2xml,"abc2xml parsed pre-K header continuation text `Go figure!` as G4/F5/G5/E5 and emitted 121 pitched notes; croma starts after K:D with `Affe f2ed` and emits 117 pitched notes matching the post-K ABC source note-letter count.","ABC 2.1 §3.1.14/§4.1 - KB lines 696/847 - K: finishes the tune header; lowercase notes are one octave above uppercase",high,2026-06-13
tune_006529.abc,octave,abc2xml-phantom-measure,abc2xml,"abc2xml fabricated A/A/a notes from the annotation text `Alla kullor uti Västanå` and emitted 127 non-rest notes; croma preserves the text as a direction, starts the measure with A4/C#5/E5, and emits 124 non-rest notes matching the source count.","ABC 2.1 §4.19/§8.2 - KB raw lines 1313/1754/1766 - annotation text is non-sounding; escape mnemonics encode accented letters",high,2026-06-13
tune_006651.abc,octave,abc2xml-phantom-measure,abc2xml,"abc2xml parsed pre-K line `8.abc` as A5/B5/C5 and emitted 115 pitched notes; croma starts after K:G with `c2 E-EDE` and emits 112 pitched notes matching the post-K ABC source note-letter count.","ABC 2.1 §3.1.14/§4.1 - KB lines 696/845-847 - first K: finishes header; lowercase c means C'",high,2026-06-13
tune_013985.abc,octave,abc2xml-phantom-measure,abc2xml,"abc2xml parsed malformed pre-K text `S(1st/2) see John Anderson, My Jo` as five leading notes and emitted 53 pitched notes; croma starts after K:Gm with four G4 quarters and emits 48 pitched notes matching the source count.","ABC 2.1 §2.2.1/§3.0/§4.1 - KB lines 275/277/437/845 - header finishes with K:; information fields require ':'; octave marks define pitch register",high,2026-06-13
tune_006279.abc,octave,abc2xml-phantom-measure,abc2xml,"abc2xml parsed pre-K prose `for this tune. Feel free to try your own!` as eight F/E notes and emitted 56 pitched notes; croma starts after K:D with pickup G4 and emits 48 pitched notes matching the post-K ABC source note-letter count.","ABC 2.1 §3.1.14/§3.3 - KB raw lines 696/807 - first K: finishes header; continuation requires +:",high,2026-06-13
tune_013555.abc,octave,equivalence,equivalence,"Both tools preserve 139 pitched notes matching the ABC source and the same flattened sequence around `{^g/}|[ac]` and `{^g}|[ac]`; octave rows come from croma placing the zero-duration G# grace at the next measure start while abc2xml places it at the prior measure end.","ABC 2.1 §4.12/§4.20/§4.1 - KB raw lines 1070/1323/847 - grace notes have no melodic time value and precede notes; lowercase c means C'",high,2026-06-13
tune_009954.abc,octave,abc2xml-phantom-measure,abc2xml,"abc2xml parsed malformed pre-K text about `Jackson's Rum Punch` as seven leading notes and emitted 117 pitched notes; croma starts after K:G with pickup A4 and emits 110 pitched notes matching the post-K ABC source note-letter count.","ABC 2.1 §3.1.14/§3.3 - KB lines 696/807 - first K: finishes header; field continuation uses +:",high,2026-06-13
tune_007421.abc,octave,abc2xml-phantom-measure,abc2xml,"abc2xml parsed pre-K prose `what you see here, but this is as CRE shows it` as nine leading notes and emitted 64 pitched notes; croma starts after K:G with pickup D4 and emits 55 pitched notes matching the post-K ABC source note-letter count.","ABC 2.1 §2.2.1/§3.3 - KB raw lines 275-277/807 - header finishes with K:; continued fields use +:",high,2026-06-13
tune_010374.abc,octave,abc2xml-phantom-measure,abc2xml,"abc2xml parsed pre-K prose from `O'Farrell's National Music of Ireland` as nine leading notes and emitted 96 pitched notes; croma starts after K:A with pickup C#5 and emits 87 pitched notes matching the post-K ABC source note-letter count.","ABC 2.1 §2.2.1/§3.1.14/§3.3/§4.1 - KB lines 275-277/672/807/847 - header finishes with K:; K:A has three sharps; continuations use +:; lowercase c means C'",high,2026-06-13
tune_004433.abc,octave,abc2xml-phantom-measure,abc2xml,"abc2xml fabricated eight notes from annotation text `Begone dull care` and emitted 345 pitched notes; croma preserves the annotation text as words and emits 337 pitched notes matching the ABC source note-letter count.","ABC 2.1 §4.19 - KB line 1313 - annotation placement specifiers prevent programs from playing/transposing annotation text",high,2026-06-13
tune_004767.abc,octave,abc2xml-phantom-measure,abc2xml,"abc2xml inserted a zero-note leading P1 measure at the liberal `:` in `A\":c4 c2`, shifting later P1 octave rows; croma emits 17 measures per voice and 61 pitched notes matching the ABC source note-letter count.","ABC 2.1 §4.1/§4.8 - KB lines 845/1001 - octave spelling follows note letters; parsers should be liberal recognizing barlines",high,2026-06-13
tune_012482.abc,octave,abc2xml-phantom-measure,abc2xml,"abc2xml stuffed measure 1 with 13 header-derived phantom notes before the real `DF|`; croma starts after K:G with D4/F#4 and emits 122 pitched notes matching the ABC body note-letter count.","ABC 2.1 §3.1.14/§4.1 - KB lines 696/845 - K: finishes the tune header; commas/apostrophes set octave",high,2026-06-13
tune_004769.abc,octave,abc2xml-phantom-measure,abc2xml,"abc2xml isolated the `D` chord and liberal `:` into a note-less leading P1 measure, shifting later P1 octave rows; croma keeps the harmony with F#4/F#4 and emits 63 pitched notes matching the ABC source note-letter count.","ABC 2.1 §4.18/§4.8 - KB raw lines 1292/1001 - chord symbols sit left of the sounded note; barline sequences include `:`",high,2026-06-13
tune_004770.abc,octave,abc2xml-phantom-measure,abc2xml,"abc2xml created an empty leading P1 measure after the liberal `:` in `D\":F4 F2`, shifting later P1 octave rows; croma starts P1 with F#4/F#4 and emits 63 pitched notes matching the ABC source note-letter count.","ABC 2.1 §4.1/§4.8 - KB raw lines 841/1015 - octaves use comma/apostrophe; parsers should be liberal recognizing barlines",high,2026-06-13
tune_008757.abc,octave,equivalence,equivalence,"Both tools preserve 871 pitched noteheads and 16 graces matching the ABC source; octave rows come from croma placing zero-duration `{/AB}` graces at the next measure start while abc2xml places the same graces at the previous measure end.","ABC 2.1 §4.12/§4.20 - KB lines 1070/1323 - grace notes have no melodic time value and precede notes",medium,2026-06-13
tune_002703.abc,octave,abc2xml-phantom-measure,abc2xml,"abc2xml inserted a zero-note measure at `|:::` and shifted the second strain; croma emits 10 measures and 64 pitched notes matching the ABC source note-letter count, with octave spelling matching the note letters.","ABC 2.1 §4.8/§4.1 - KB raw lines 993/995/847 - repeat barline forms do not create empty measures; lowercase notes are one octave above uppercase",high,2026-06-13
tune_014934.abc,octave,abc2xml-phantom-measure,abc2xml,"abc2xml parsed pre-K prose about `Ballintoura` as 18 leading notes and emitted 116 pitched notes; croma starts after K:G with D5/A4/G4/F#4/D4/A4/D4 and emits 98 pitched notes matching the post-K source count.","ABC 2.1 §2.2.1 - KB lines 275/277 - tune header finishes with K: and body follows immediately after",high,2026-06-13
tune_006793.abc,octave,equivalence,equivalence,"Both tools preserve 74 pitched notes/graces and the same flattened sequence around `{ef}|g2c'2`; octave rows compare croma's measure-start grace F5 with abc2xml's melody C6 after boundary grace placement, while croma also follows the M:2/4 default L:1/16.","ABC 2.1 §3.1.7/§4.12/§4.20/§4.1 - KB raw lines 573/1070/1323/845 - M:2/4 default L:1/16; graces have no melodic time and precede notes; apostrophe raises octave",high,2026-06-13
tune_006799.abc,octave,equivalence,equivalence,"Both tools preserve 74 pitched notes and the same flattened sequence around `{ef}|g2c'2`; octave rows compare croma's measure-start grace F5 with abc2xml's melody C6 after the same zero-duration grace pair is placed on opposite sides of the barline.","ABC 2.1 §4.12/§4.20/§4.1 - KB raw lines 1070/1323/845 - grace notes have no melodic time and precede notes; apostrophe raises octave",high,2026-06-13
tune_009252.abc,octave,abc2xml-phantom-measure,abc2xml,"abc2xml inserted a zero-note measure at malformed `[ |:` and shifted later octave comparisons; croma emits 16 measures and 70 pitched notes matching the ABC source count, with final uppercase B notes correctly in octave 4.","ABC 2.1 §4.1/§4.8 - KB lines 847/1001 - lowercase notes are one octave above uppercase; barlines are sequences of | [ ] :",high,2026-06-13
tune_009255.abc,octave,abc2xml-phantom-measure,abc2xml,"abc2xml inserted an empty measure before `|:` and shifted later B-section octave rows; croma emits 16 measures and 70 pitched notes matching the ABC source count, and `middle=C` does not alter playback pitch.","ABC 2.1 §4.1/§4.6 - KB lines 845/928 - commas lower notes; middle affects display but not playback",high,2026-06-13
tune_005323.abc,octave,abc2xml-phantom-measure,abc2xml,"abc2xml inserted an empty measure at `|::`, shifting the final substitution measure; croma emits 9 measures and 67 pitched notes matching the ABC source count, with uppercase GAB in octave 4 and lowercase gage in octave 5.","ABC 2.1 §4.8/§4.1 - KB lines 995/845 - |:: is a repeat/bar extension; octave follows note case and marks",high,2026-06-13
tune_004675.abc,octave,abc2xml-phantom-measure,abc2xml,"abc2xml inserted an empty measure at `|::` before `def gbg`, shifting later octave rows; croma attaches the repeat to the note-bearing measure and emits 70 pitched notes matching the ABC source count.","ABC 2.1 §4.8 - KB line 995 - |:: is a repeat/bar extension",high,2026-06-13
tune_014828.abc,octave,abc2xml-phantom-measure,abc2xml,"abc2xml parsed two pre-K prose lines as 20 leading notes and emitted 65 pitched notes; croma starts after K:D with D5/C#5/D5/A4/B4 and emits 45 pitched notes matching the post-K ABC source count.","ABC 2.1 §2.2.1/§3.3/§4.1 - KB lines 696/807/845 - K: finishes the header; continuations use +:; octave marks raise notes",high,2026-06-13
tune_009253.abc,octave,abc2xml-phantom-measure,abc2xml,"abc2xml inserted an empty measure at malformed `[ |:` and shifted later octave rows; croma places E5/C#5/B4/A4/B4 in the repeat-start measure and emits 70 pitched notes matching the ABC source count.","ABC 2.1 §4.8 - KB raw lines 987/1001 - |: starts a repeated section; barlines use | [ ] : sequences",high,2026-06-13
tune_005731.abc,octave,abc2xml-phantom-measure,abc2xml,"abc2xml parsed unprefixed pre-K prose continuation-looking lines as 19 leading notes and emitted 166 pitched notes; croma starts after K:D with A3/B3/C#4/D4/F#4 and emits 147 pitched notes matching the ABC body count.","ABC 2.1 §2.2.1/§3.3/§4.1 - KB lines 275/277/807/845 - body follows K:; continuations use +:; commas lower octaves",high,2026-06-13
tune_015154.abc,octave,abc2xml-phantom-measure,abc2xml,"abc2xml inserted an empty measure at body `P:` before `Alt B`, shifting later octave rows; croma treats P: as a part marker and emits 102 pitched notes matching the ABC body count.","ABC 2.1 §3.1.9/§4.1 - KB lines 600/847 - body P: marks parts; lowercase c equals C'",high,2026-06-13
tune_015157.abc,octave,abc2xml-phantom-measure,abc2xml,"abc2xml inserted an empty measure at body `P:` before `Alt B`, shifting later octave rows; croma treats P: as a part information field and emits 102 notes plus 2 rests matching the ABC source counts.","ABC 2.1 §3.0/§3.1.9/§4.1 - KB lines 437/600/847 - information fields are not music; body P: marks parts; lowercase c equals C'",high,2026-06-13
tune_014819.abc,octave,abc2xml-phantom-measure,abc2xml,"abc2xml parsed two unprefixed pre-K prose lines after N: as 22 leading notes and emitted 207 pitched notes; croma starts after K:G with pickup F#4 and emits 185 pitched notes matching the body source count.","ABC 2.1 §3.1.14/§3.3 - KB lines 696/807 - K: finishes the header; field continuations use +:",high,2026-06-13
tune_009095.abc,octave,abc2xml-phantom-measure,abc2xml,"abc2xml inserted a zero-note B-harmony measure before the `|:` pickup and shifted later octave rows; croma keeps the B harmony with F#5 and emits 82 pitched notes matching the ABC source count.","ABC 2.1 §4.8/§4.18/§4.1 - KB lines 984/1292/845 - |: starts a repeated section; chord symbols sit left of sounded notes; octave marks define register",high,2026-06-13
tune_004070.abc,octave,abc2xml-phantom-measure,abc2xml,"abc2xml inserted an empty B-harmony measure at a backslash-continued `|:` boundary and shifted later octave rows; croma keeps the repeat start with the following G5/F#5/F#5/E5 measure and emits 85 pitched notes matching the ABC source count.","ABC 2.1 §4.8/§6.1.1/§4.1 - KB lines 987/1504/847 - |: starts a repeated section; backslash joins lines; lowercase c equals C'",high,2026-06-13
tune_010570.abc,octave,abc2xml-phantom-measure,abc2xml,"abc2xml inserted a harmony-only measure at `D""|:` before line 24 and shifted later octave rows; croma emits 135 pitched notes matching the ABC source count and keeps the repeat start with the following notes.","ABC 2.1 §4.8/§4.18 - KB lines 987/1292 - |: starts a repeated section; chord symbols sit left of sounded notes",high,2026-06-13
tune_007049.abc,octave,abc2xml-phantom-measure,abc2xml,"abc2xml inserted an extra empty measure before the B-section notes at `|::`, shifting later ending comparisons; croma emits 85 pitched notes plus 2 rests matching the ABC source counts and preserves uppercase/lowercase octave spelling.","ABC 2.1 §4.8/§4.1 - KB lines 995/845-847 - |:: is a repeat/bar extension; note case and marks define octave",high,2026-06-13
tune_005352.abc,octave,abc2xml-phantom-measure,abc2xml,"abc2xml parsed pre-K header text `notC:Thomas Arne,1710-1778` as phantom music and emitted 142 pitched notes/13 measures; croma starts after K:D and emits 138 pitched notes matching the ABC body count, so octave rows are shifted-reference fallout.","ABC 2.1 §2.2.1 - KB line 275 - header finishes with K: field",high,2026-06-13
tune_014745.abc,octave,abc2xml-phantom-measure,abc2xml,"abc2xml inserted empty/chord-only measures before the first `""B""` and the second `""A""|:`; croma emits 12 measures with 51 pitched notes plus 2 rests matching source and has A, as A3 then A as A4, so octave rows are an alignment cascade.","ABC 2.1 §4.1 - KB line 845 - each extra comma/apostrophe lowers/raises the note by an octave",high,2026-06-13
tune_014902.abc,octave,abc2xml-phantom-measure,abc2xml,"abc2xml added a leading empty measure for `[|` after a chord/backslash continuation; croma emits 17 measures and 46 notes matching the source with first measure D5 C5 B-flat4, so reported octaves are one-measure shift fallout.","ABC 2.1 §4.8 - KB line 986 - [| is a thick-thin double bar line",high,2026-06-13
tune_010565.abc,octave,abc2xml-phantom-measure,abc2xml,"abc2xml inserted an extra harmony-only measure before the `|:` section after a continued chord line; croma emits 30 measures and 137 pitched notes matching the source, including lowercase d/c as D5/C5 and `A,` as A3, so octave rows are shifted alignment.","ABC 2.1 §4.1/§4.8/§2.2.6 - KB lines 845/987/342 - octave marks, repeat start, and backslash continuation",high,2026-06-13
tune_006299.abc,octave,abc2xml-phantom-measure,abc2xml,"abc2xml converted H: continuation prose into 27 phantom notes before the real EF^F pickup; croma emits 140 pitched notes matching scored ABC, so the measure-1 octave rows compare against prose-derived phantom notes.","ABC 2.1 §3.1.13/§10 - KB lines 655/1890 - H: continuation lines need no field indicator; deprecated syntax still supported",high,2026-06-13
tune_011364.abc,octave,abc2xml-drops-music,abc2xml,"abc2xml dropped 19 notes between invalid lone ! decoration delimiters and jumped to c'2; croma emits 36 measures and 138 notes matching source, preserving the intervening notes, so octave rows are a shifted-reference cascade.","ABC 2.1 §4.14 - KB line 1196 - decoration names may not contain spaces, brackets, |, or :",high,2026-06-13
tune_002448.abc,octave,abc2xml-phantom-measure,abc2xml,"abc2xml turned pre-K `notC:""28""` header text into an extra C4 note and shifted the real G-major body; croma emits 60 notes matching the post-K ABC source and maps lowercase body notes to octave 5 correctly.","ABC 2.1 §3.1.14/§4.1 - KB lines 696/847 - first K: finishes the header; lowercase notes equal apostrophized uppercase notes",high,2026-06-13
tune_003937.abc,octave,abc2xml-phantom-measure,abc2xml,"abc2xml emitted four phantom pre-body notes from header text before K:G; croma emits exactly the 62 post-K source note letters, including grace notes, with octave spelling matching ABC note case.","ABC 2.1 §3.1.14/§4.1 - KB lines 696/845 - K: ends the header; commas/apostrophes lower/raise octaves",high,2026-06-13
tune_011967.abc,octave,abc2xml-phantom-measure,abc2xml,"abc2xml read pre-K:D prose as B4/E4/A4/C4 phantom notes and shifted the tune; croma emits 73 pitched notes plus one rest matching the post-K body and preserves uppercase octave-4/lowercase octave-5 spelling.","ABC 2.1 §3.1.14/§4.1 - KB lines 696/845 - first K: finishes the header; commas/apostrophes lower/raise octaves",high,2026-06-13
tune_006040.abc,octave,abc2xml-phantom-measure,abc2xml,"abc2xml inserts a note-less measure at contiguous `|:|`, which music21 materializes as a rest and shifts later events; croma emits 18 measures and 122 pitched notes matching the ABC source, and the flat non-rest streams are identical.","ABC 2.1 §4.8/§4.1 - KB lines 1001/847 - bar lines may be liberal sequences; lowercase c equals C'",high,2026-06-13
tune_014465.abc,octave,abc2xml-phantom-measure,abc2xml,"abc2xml inserts empty harmony-only measures for backslash-continued `""A""` and `""B""` section heads; croma emits 16 measures and 51 pitched notes matching the source, with the same octave sequence shifted only by abc2xml's empty measures.","ABC 2.1 §2.2.6/§4.18/§4.8/§4.1 - KB lines 1504/1292/987/845 - backslash joins lines; chord symbols attach to notes; |: starts a repeat; octave marks set register",high,2026-06-13
